Start,End
2019-03-09 15:50:31.056173,2019-03-09 15:50:31.853614
2019-03-09 15:50:33.658044,2019-03-09 15:50:36.058361
2019-03-09 15:50:37.788913,2019-03-09 15:50:43.069292
2019-03-09 15:50:43.863263,2019-03-09 15:50:44.476075
2019-03-09 15:50:45.129096,2019-03-09 15:50:46.015666
2019-03-09 15:50:46.663042,2019-03-09 15:50:50.077413
2019-03-09 15:50:52.412042,2019-03-09 15:50:53.274925
2019-03-09 15:50:54.285403,2019-03-09 15:50:54.417497
2019-03-09 15:50:54.553110,2019-03-09 15:50:54.684726
2019-03-09 15:50:54.746025,2019-03-09 15:50:55.217881
